<?xml version="1.0" encoding="UTF-8" standalone="yes"?>
<addon id="script.database.cleaner"
      name="Video Database Cleaner"
      version="0.6.1+matrix.1"
      provider-name="black_eagle, BatterPudding.">
  <requires>
    <import addon="xbmc.python" version="3.0.0"/>
    <import addon="script.module.myconnpy" version="1.1.7"/>
  </requires>
  <extension point="xbmc.python.script"
            library="default.py" />
  <extension point="xbmc.addon.metadata">
    <platform>all</platform>
    <summary lang="en_GB">A Script to clean Kodi's video database</summary>
    <description lang="en_GB">This program add-on will clean streams, old missing files and general junk from your video database. Works with both MySQL and SQLite libraries.As well as removing old streams and missing files, the script can optionally remove or rename a specific path.  Please see the README or the forum thread for details (http://forum.kodi.tv/showthread.php?tid=272112).</description>
    <disclaimer lang="en_GB">Whilst every effort has been taken to ensure it doesn't, this script could break your database. Always make sure you back it up !!</disclaimer>
    <forum>http://forum.kodi.tv/showthread.php?tid=272112</forum>
	<assets>
		<icon>icon.png</icon>
		<fanart>fanart.jpg</fanart>
	</assets>
  </extension>
</addon>
