<?xml version="1.0" encoding="UTF-8" standalone="yes"?>
<addon id="script.module.kodi65" name="Kodi65 Library" version="1.2.1+matrix.1" provider-name="Philipp Temminghoff (phil65)">
	<requires>
		<import addon="xbmc.python" version="3.0.0"/>
		<import addon="script.module.youtube.dl" version="14.519.1"/>
		<import addon="script.module.pil" version="1.1.7"/>
		<import addon="script.module.autocompletion" version="2.0.0"/>
		<import addon="script.module.requests" version="2.22.0"/>
	</requires>
	<extension point="xbmc.python.module" library="lib" />
	<extension point="xbmc.addon.metadata">
		<summary lang="en">Helper module</summary>
		<description lang="en">Helper module for all kind of stuff</description>
		<platform>all</platform>
		<license>GPL-2.1</license>
		<source>https://github.com/phil65/script.module.kodi65</source>
		<news>Python3 ver Adjust to latest core changes, bugfixes, API extensions by scott967</news>
	</extension>
	<assets>
		<icon>resources/icon.png</icon>
	</assets>
</addon>
