<?xml version="1.0" encoding="UTF-8" standalone="yes"?>
<addon id="service.skinhelper.IP"
    name="IP Helper Service"
    version="1.0.1+matrix.1"
    provider-name="Snecx">
    <requires>
        <import addon="xbmc.python" version="3.0.0" />
    </requires>
    <extension point="xbmc.service" library="default.py"/>
    <extension point="xbmc.addon.metadata">
        <summary lang="en_GB">Service to monitor IP and GPU/CPU</summary>
        <description lang="en_GB"></description>
        <platform>all</platform>
    </extension>
    <assets>
        <icon>resources/icon.png</icon>
    </assets>
</addon>