<?xml version="1.0" encoding="UTF-8" standalone="yes"?>
<addon id="script.libraryeditor" name="Library Editor Script" version="0.9.0+matrix.2" provider-name="phil65">
	<requires>
		<import addon="xbmc.python" version="3.0.0"/>
		<import addon="script.module.simplejson" version="3.17.0+matrix.2"/>
	</requires>
	<extension point="xbmc.python.library" library="default.py" />
	<extension point="xbmc.addon.metadata">
		<language/>
		<summary lang="en_GB">Library Editor Script</summary>
		<description lang="en_GB">This script makes it possible to edit movie details manually from within XBMC. Needs Skin Support</description>
		<platform>all</platform>
		<license>GNU GENERAL PUBLIC LICENSE Version 2, June 1991</license>
		<forum>-</forum>
		<source>-</source>
		<email>-</email>
	</extension>
</addon>
